<?xml version="1.0" encoding="UTF-8"?>
<entity-mappings xmlns="https://jakarta.ee/xml/ns/persistence/orm"
                 version="3.0">
    <persistence-unit-metadata>
        <persistence-unit-defaults>
            <access>FIELD</access>
        </persistence-unit-defaults>
    </persistence-unit-metadata>
    <entity class="mx.com.tecnetia.marcoproyectoseguridad.persistence.hibernate.entity.PEntityProductoReciclado">
        <table name="producto_reciclado" schema="public" catalog="BIOBOX_DEV"/>
        <attributes>
            <one-to-one name="validacionesReciclado" optional="true" mapped-by="productoReciclado"
                        target-entity="mx.com.tecnetia.marcoproyectoseguridad.persistence.hibernate.entity.PEntityValidacionReciclado"/>
        </attributes>
    </entity>
    <entity class="mx.com.tecnetia.marcoproyectoseguridad.persistence.hibernate.entity.PEntityValidacionReciclado">
        <table name="validacion_reciclado" schema="public" catalog="BIOBOX_DEV"/>
        <attributes>
            <id name="idProductoReciclado">
                <column name="id_producto_reciclado"/>
            </id>
            <basic name="momentoValidacion">
                <column name="momento_validacion"/>
            </basic>
            <basic name="validador">
                <column name="validador"/>
            </basic>
            <basic name="aprobado">
                <column name="aprobado"/>
            </basic>
            <one-to-one name="productoReciclado" optional="true"
                        target-entity="mx.com.tecnetia.marcoproyectoseguridad.persistence.hibernate.entity.PEntityProductoReciclado">
                <join-column name="id_producto_reciclado" referenced-column-name="id_producto_reciclado"/>
            </one-to-one>
        </attributes>
    </entity>
</entity-mappings>
