"id","name","flag","code","dial_code","activo"
1,Afghanistan,🇦🇫,AF,+93,true
2,Åland Islands,🇦🇽,AX,+358,true
3,Albania,🇦🇱,AL,+355,true
4,Algeria,🇩🇿,DZ,+213,true
5,American Samoa,🇦🇸,AS,+1684,true
6,Andorra,🇦🇩,AD,+376,true
7,Angola,🇦🇴,AO,+244,true
8,Anguilla,🇦🇮,AI,+1264,true
9,Antarctica,🇦🇶,AQ,+672,true
10,Antigua and Barbuda,🇦🇬,AG,+1268,true
11,Argentina,🇦🇷,AR,+54,true
12,Armenia,🇦🇲,AM,+374,true
13,Aruba,🇦🇼,AW,+297,true
14,Australia,🇦🇺,AU,+61,true
15,Austria,🇦🇹,AT,+43,true
16,Azerbaijan,🇦🇿,AZ,+994,true
17,Bahamas,🇧🇸,BS,+1242,true
18,Bahrain,🇧🇭,BH,+973,true
19,Bangladesh,🇧🇩,BD,+880,true
20,Barbados,🇧🇧,BB,+1246,true
21,Belarus,🇧🇾,BY,+375,true
22,Belgium,🇧🇪,BE,+32,true
23,Belize,🇧🇿,BZ,+501,true
24,Benin,🇧🇯,BJ,+229,true
25,Bermuda,🇧🇲,BM,+1441,true
26,Bhutan,🇧🇹,BT,+975,true
27,"Bolivia, Plurinational State of bolivia",🇧🇴,BO,+591,true
28,Bosnia and Herzegovina,🇧🇦,BA,+387,true
29,Botswana,🇧🇼,BW,+267,true
30,Bouvet Island,🇧🇻,BV,+47,true
31,Brazil,🇧🇷,BR,+55,true
32,British Indian Ocean Territory,🇮🇴,IO,+246,true
33,Brunei Darussalam,🇧🇳,BN,+673,true
34,Bulgaria,🇧🇬,BG,+359,true
35,Burkina Faso,🇧🇫,BF,+226,true
36,Burundi,🇧🇮,BI,+257,true
37,Cambodia,🇰🇭,KH,+855,true
38,Cameroon,🇨🇲,CM,+237,true
39,Canada,🇨🇦,CA,+1,true
40,Cape Verde,🇨🇻,CV,+238,true
41,Cayman Islands,🇰🇾,KY,+345,true
42,Central African Republic,🇨🇫,CF,+236,true
43,Chad,🇹🇩,TD,+235,true
44,Chile,🇨🇱,CL,+56,true
45,China,🇨🇳,CN,+86,true
46,Christmas Island,🇨🇽,CX,+61,true
47,Cocos (Keeling) Islands,🇨🇨,CC,+61,true
48,Colombia,🇨🇴,CO,+57,true
49,Comoros,🇰🇲,KM,+269,true
50,Congo,🇨🇬,CG,+242,true
51,"Congo, The Democratic Republic of the Congo",🇨🇩,CD,+243,true
52,Cook Islands,🇨🇰,CK,+682,true
53,Costa Rica,🇨🇷,CR,+506,true
54,Cote d'Ivoire,🇨🇮,CI,+225,true
55,Croatia,🇭🇷,HR,+385,true
56,Cuba,🇨🇺,CU,+53,true
57,Cyprus,🇨🇾,CY,+357,true
58,Czech Republic,🇨🇿,CZ,+420,true
59,Denmark,🇩🇰,DK,+45,true
60,Djibouti,🇩🇯,DJ,+253,true
61,Dominica,🇩🇲,DM,+1767,true
62,Dominican Republic,🇩🇴,DO,+1849,true
63,Ecuador,🇪🇨,EC,+593,true
64,Egypt,🇪🇬,EG,+20,true
65,El Salvador,🇸🇻,SV,+503,true
66,Equatorial Guinea,🇬🇶,GQ,+240,true
67,Eritrea,🇪🇷,ER,+291,true
68,Estonia,🇪🇪,EE,+372,true
69,Ethiopia,🇪🇹,ET,+251,true
70,Falkland Islands (Malvinas),🇫🇰,FK,+500,true
71,Faroe Islands,🇫🇴,FO,+298,true
72,Fiji,🇫🇯,FJ,+679,true
73,Finland,🇫🇮,FI,+358,true
74,France,🇫🇷,FR,+33,true
75,French Guiana,🇬🇫,GF,+594,true
76,French Polynesia,🇵🇫,PF,+689,true
77,French Southern Territories,🇹🇫,TF,+262,true
78,Gabon,🇬🇦,GA,+241,true
79,Gambia,🇬🇲,GM,+220,true
80,Georgia,🇬🇪,GE,+995,true
81,Germany,🇩🇪,DE,+49,true
82,Ghana,🇬🇭,GH,+233,true
83,Gibraltar,🇬🇮,GI,+350,true
84,Greece,🇬🇷,GR,+30,true
85,Greenland,🇬🇱,GL,+299,true
86,Grenada,🇬🇩,GD,+1473,true
87,Guadeloupe,🇬🇵,GP,+590,true
88,Guam,🇬🇺,GU,+1671,true
89,Guatemala,🇬🇹,GT,+502,true
90,Guernsey,🇬🇬,GG,+44,true
91,Guinea,🇬🇳,GN,+224,true
92,Guinea-Bissau,🇬🇼,GW,+245,true
93,Guyana,🇬🇾,GY,+592,true
94,Haiti,🇭🇹,HT,+509,true
95,Heard Island and Mcdonald Islands,🇭🇲,HM,+672,true
96,Holy See (Vatican City State),🇻🇦,VA,+379,true
97,Honduras,🇭🇳,HN,+504,true
98,Hong Kong,🇭🇰,HK,+852,true
99,Hungary,🇭🇺,HU,+36,true
100,Iceland,🇮🇸,IS,+354,true
101,India,🇮🇳,IN,+91,true
102,Indonesia,🇮🇩,ID,+62,true
103,"Iran, Islamic Republic of Persian Gulf",🇮🇷,IR,+98,true
104,Iraq,🇮🇶,IQ,+964,true
105,Ireland,🇮🇪,IE,+353,true
106,Isle of Man,🇮🇲,IM,+44,true
107,Israel,🇮🇱,IL,+972,true
108,Italy,🇮🇹,IT,+39,true
109,Jamaica,🇯🇲,JM,+1876,true
110,Japan,🇯🇵,JP,+81,true
111,Jersey,🇯🇪,JE,+44,true
112,Jordan,🇯🇴,JO,+962,true
113,Kazakhstan,🇰🇿,KZ,+7,true
114,Kenya,🇰🇪,KE,+254,true
115,Kiribati,🇰🇮,KI,+686,true
116,"Korea, Democratic People's Republic of Korea",🇰🇵,KP,+850,true
117,"Korea, Republic of South Korea",🇰🇷,KR,+82,true
118,Kosovo,🇽🇰,XK,+383,true
119,Kuwait,🇰🇼,KW,+965,true
120,Kyrgyzstan,🇰🇬,KG,+996,true
121,Laos,🇱🇦,LA,+856,true
122,Latvia,🇱🇻,LV,+371,true
123,Lebanon,🇱🇧,LB,+961,true
124,Lesotho,🇱🇸,LS,+266,true
125,Liberia,🇱🇷,LR,+231,true
126,Libyan Arab Jamahiriya,🇱🇾,LY,+218,true
127,Liechtenstein,🇱🇮,LI,+423,true
128,Lithuania,🇱🇹,LT,+370,true
129,Luxembourg,🇱🇺,LU,+352,true
130,Macao,🇲🇴,MO,+853,true
131,Macedonia,🇲🇰,MK,+389,true
132,Madagascar,🇲🇬,MG,+261,true
133,Malawi,🇲🇼,MW,+265,true
134,Malaysia,🇲🇾,MY,+60,true
135,Maldives,🇲🇻,MV,+960,true
136,Mali,🇲🇱,ML,+223,true
137,Malta,🇲🇹,MT,+356,true
138,Marshall Islands,🇲🇭,MH,+692,true
139,Martinique,🇲🇶,MQ,+596,true
140,Mauritania,🇲🇷,MR,+222,true
141,Mauritius,🇲🇺,MU,+230,true
142,Mayotte,🇾🇹,YT,+262,true
143,Mexico,🇲🇽,MX,+52,true
144,"Micronesia, Federated States of Micronesia",🇫🇲,FM,+691,true
145,Moldova,🇲🇩,MD,+373,true
146,Monaco,🇲🇨,MC,+377,true
147,Mongolia,🇲🇳,MN,+976,true
148,Montenegro,🇲🇪,ME,+382,true
149,Montserrat,🇲🇸,MS,+1664,true
150,Morocco,🇲🇦,MA,+212,true
151,Mozambique,🇲🇿,MZ,+258,true
152,Myanmar,🇲🇲,MM,+95,true
153,Namibia,🇳🇦,NA,+264,true
154,Nauru,🇳🇷,NR,+674,true
155,Nepal,🇳🇵,NP,+977,true
156,Netherlands,🇳🇱,NL,+31,true
157,Netherlands Antilles,"",AN,+599,true
158,New Caledonia,🇳🇨,NC,+687,true
159,New Zealand,🇳🇿,NZ,+64,true
160,Nicaragua,🇳🇮,NI,+505,true
161,Niger,🇳🇪,NE,+227,true
162,Nigeria,🇳🇬,NG,+234,true
163,Niue,🇳🇺,NU,+683,true
164,Norfolk Island,🇳🇫,NF,+672,true
165,Northern Mariana Islands,🇲🇵,MP,+1670,true
166,Norway,🇳🇴,NO,+47,true
167,Oman,🇴🇲,OM,+968,true
168,Pakistan,🇵🇰,PK,+92,true
169,Palau,🇵🇼,PW,+680,true
170,"Palestinian Territory, Occupied",🇵🇸,PS,+970,true
171,Panama,🇵🇦,PA,+507,true
172,Papua New Guinea,🇵🇬,PG,+675,true
173,Paraguay,🇵🇾,PY,+595,true
174,Peru,🇵🇪,PE,+51,true
175,Philippines,🇵🇭,PH,+63,true
176,Pitcairn,🇵🇳,PN,+64,true
177,Poland,🇵🇱,PL,+48,true
178,Portugal,🇵🇹,PT,+351,true
179,Puerto Rico,🇵🇷,PR,+1939,true
180,Qatar,🇶🇦,QA,+974,true
181,Romania,🇷🇴,RO,+40,true
182,Russia,🇷🇺,RU,+7,true
183,Rwanda,🇷🇼,RW,+250,true
184,Reunion,🇷🇪,RE,+262,true
185,Saint Barthelemy,🇧🇱,BL,+590,true
186,"Saint Helena, Ascension and Tristan Da Cunha",🇸🇭,SH,+290,true
187,Saint Kitts and Nevis,🇰🇳,KN,+1869,true
188,Saint Lucia,🇱🇨,LC,+1758,true
189,Saint Martin,🇲🇫,MF,+590,true
190,Saint Pierre and Miquelon,🇵🇲,PM,+508,true
191,Saint Vincent and the Grenadines,🇻🇨,VC,+1784,true
192,Samoa,🇼🇸,WS,+685,true
193,San Marino,🇸🇲,SM,+378,true
194,Sao Tome and Principe,🇸🇹,ST,+239,true
195,Saudi Arabia,🇸🇦,SA,+966,true
196,Senegal,🇸🇳,SN,+221,true
197,Serbia,🇷🇸,RS,+381,true
198,Seychelles,🇸🇨,SC,+248,true
199,Sierra Leone,🇸🇱,SL,+232,true
200,Singapore,🇸🇬,SG,+65,true
201,Slovakia,🇸🇰,SK,+421,true
202,Slovenia,🇸🇮,SI,+386,true
203,Solomon Islands,🇸🇧,SB,+677,true
204,Somalia,🇸🇴,SO,+252,true
205,South Africa,🇿🇦,ZA,+27,true
206,South Sudan,🇸🇸,SS,+211,true
207,South Georgia and the South Sandwich Islands,🇬🇸,GS,+500,true
208,Spain,🇪🇸,ES,+34,true
209,Sri Lanka,🇱🇰,LK,+94,true
210,Sudan,🇸🇩,SD,+249,true
211,Suriname,🇸🇷,SR,+597,true
212,Svalbard and Jan Mayen,🇸🇯,SJ,+47,true
213,Eswatini,🇸🇿,SZ,+268,true
214,Sweden,🇸🇪,SE,+46,true
215,Switzerland,🇨🇭,CH,+41,true
216,Syrian Arab Republic,🇸🇾,SY,+963,true
217,Taiwan,🇹🇼,TW,+886,true
218,Tajikistan,🇹🇯,TJ,+992,true
219,"Tanzania, United Republic of Tanzania",🇹🇿,TZ,+255,true
220,Thailand,🇹🇭,TH,+66,true
221,Timor-Leste,🇹🇱,TL,+670,true
222,Togo,🇹🇬,TG,+228,true
223,Tokelau,🇹🇰,TK,+690,true
224,Tonga,🇹🇴,TO,+676,true
225,Trinidad and Tobago,🇹🇹,TT,+1868,true
226,Tunisia,🇹🇳,TN,+216,true
227,Turkey,🇹🇷,TR,+90,true
228,Turkmenistan,🇹🇲,TM,+993,true
229,Turks and Caicos Islands,🇹🇨,TC,+1649,true
230,Tuvalu,🇹🇻,TV,+688,true
231,Uganda,🇺🇬,UG,+256,true
232,Ukraine,🇺🇦,UA,+380,true
233,United Arab Emirates,🇦🇪,AE,+971,true
234,United Kingdom,🇬🇧,GB,+44,true
235,United States,🇺🇸,US,+1,true
236,Uruguay,🇺🇾,UY,+598,true
237,Uzbekistan,🇺🇿,UZ,+998,true
238,Vanuatu,🇻🇺,VU,+678,true
239,"Venezuela, Bolivarian Republic of Venezuela",🇻🇪,VE,+58,true
240,Vietnam,🇻🇳,VN,+84,true
241,"Virgin Islands, British",🇻🇬,VG,+1284,true
242,"Virgin Islands, U.S.",🇻🇮,VI,+1340,true
243,Wallis and Futuna,🇼🇫,WF,+681,true
244,Yemen,🇾🇪,YE,+967,true
245,Zambia,🇿🇲,ZM,+260,true
246,Zimbabwe,🇿🇼,ZW,+263,true
